1;18.989450979186103;0.02155732265073689;0.0
2;3.9982409498784137;6.0234063015447745;0.0
1;18.985796661479498;0.04527748205364124;0.0
2;3.9963828912719466;6.046165631481707;0.0
1;18.981005144294432;0.06879431353803214;0.0
2;3.9956587587398844;6.069630898858338;0.0
1;18.974253348892105;0.09182501606411911;0.0
2;3.994893669744834;6.092182493233869;0.0
1;18.967109010165434;0.11473698726169551;0.0
2;3.9944734672668853;6.116178814407697;0.0
1;18.959537522161032;0.13751137132360122;0.0
2;3.993999509699485;6.14006053386376;0.0
1;18.952393519684815;0.16042344736702838;0.0
2;3.993497827530754;6.163051196906142;0.0
1;18.944848839134263;0.18320672622214734;0.0
2;3.9925968153016833;6.185647298614497;0.0
1;18.936886758324743;0.20584751395541007;0.0
2;3.9917765948351067;6.207514178470313;0.0
1;18.927417518780416;0.22790048433248483;0.0
2;3.992731654940155;6.230715330433735;0.0
1;18.917472652195094;0.24974309472135872;0.0
2;3.993621625715036;6.252995652016243;0.0
1;18.906590369204075;0.27113411893487843;0.0
2;3.995881349662136;6.276889032850334;0.0
1;18.89510606664713;0.2922080553203893;0.0
2;3.999647444877843;6.300591702042351;0.0
1;18.883661185421953;0.31330342670232075;0.0
2;4.001312806427503;6.324533852549541;0.0
1;18.87118700465112;0.33380695844923114;0.0
2;4.003071928418343;6.348469296765626;0.0
1;18.858438807246365;0.3541412512308697;0.0
2;4.003021066797467;6.3724692428717225;0.0
1;18.84444780254781;0.3736412970647888;0.0
2;4.003511170539984;6.396464238148271;0.0
1;18.830187788719694;0.39294549364537634;0.0
2;4.005171194826946;6.420406759305549;0.0
1;18.814661130701047;0.4112463922782841;0.0
2;4.006891190996573;6.444345046904633;0.0
1;18.799008244986236;0.42943944504023285;0.0
2;4.008578971099353;6.468285627480816;0.0
1;18.78314542973086;0.4474497502062732;0.0
2;4.010305743987727;6.492223427199921;0.0
1;18.766559834902296;0.4647967396909832;0.0
2;4.01385397859906;6.515959687038888;0.0
1;18.750429690134375;0.4825680207299481;0.0
2;4.01660197732188;6.539801845142117;0.0
1;18.734086027481805;0.5001431364080599;0.0
2;4.01769364935262;6.563777004206809;0.0
1;18.71825798865046;0.5181840118511608;0.0
2;4.0189692929585545;6.587743078841397;0.0
1;18.702951219302896;0.5366692170742702;0.0
2;4.020270021014372;6.611707805139121;0.0
1;18.686870821997125;0.5544855248423961;0.0
2;4.021886144674042;6.635653329654501;0.0
1;18.6716672074913;0.5730556650130643;0.0
2;4.022523167370503;6.659644874041725;0.0
1;18.656269387956925;0.591465096117442;0.0
2;4.022920220969912;6.683641589409442;0.0
1;18.640672648384232;0.6097063053619418;0.0
2;4.022654041515929;6.707640113291095;0.0
1;18.62259920883782;0.6254971502716401;0.0
2;4.022388429296269;6.7316386434575195;0.0
1;18.605026496144106;0.6418433965864426;0.0
2;4.02217810349345;6.7556377218368375;0.0
1;18.587301913467407;0.6580248417918905;0.0
2;4.022043689343432;6.779637345434642;0.0
1;18.56942661485141;0.67403963805625;0.0
2;4.021117191294933;6.803619455462038;0.0
1;18.551473317218193;0.6899669449250583;0.0
2;4.021555230234699;6.82761545766839;0.0
1;18.5336891956201;0.7060829313666094;0.0
2;4.022037117470327;6.851610619361784;0.0
1;18.515239479017616;0.7214324576553299;0.0
2;4.023186387214558;6.875583086465839;0.0
1;18.496630560138907;0.7365885830891495;0.0
2;4.024319723222866;6.89955631214559;0.0
1;18.478558748336518;0.7523812908423837;0.0
2;4.025423767881095;6.923530904642495;0.0
1;18.46029471672068;0.7679512988428828;0.0
2;4.024941394932365;6.947526056576549;0.0
1;18.44196197772104;0.783440349193733;0.0
2;4.024456613250452;6.970660472687024;0.0
1;18.42385119720253;0.7991883531628194;0.0
2;4.023949950574624;6.992690431590469;0.0
1;18.405636588052296;0.814816149344757;0.0
2;4.024992765901744;7.01440258186156;0.0
1;18.387918936255897;0.831005183127587;0.0
2;4.039456725982872;7.03349848115283;0.0
1;18.369674685396706;0.846598364669111;0.0
2;4.054389431161103;7.05228715636052;0.0
1;18.351637603700244;0.8624307265862466;0.0
2;4.0687970447309745;7.071481443823753;0.0
1;18.333398728940608;0.8780301960484518;0.0
2;4.0816569016046795;7.09088967276551;0.0
1;18.31502820557792;0.8934744141050883;0.0
2;4.093864604902426;7.109248188300019;0.0
1;18.297009375297534;0.9084594778455951;0.0
2;4.105457531579859;7.126618404222219;0.0
1;18.278099671939124;0.9222708269498874;0.0
2;4.117690932352555;7.144676116761354;0.0
1;18.259923835820306;0.9354098451077582;0.0
2;4.130275570855271;7.163395753340401;0.0
1;18.242995603247845;0.9491376419179867;0.0
2;4.142513477235832;7.182944616714245;0.0
1;18.22666094973555;0.9622406038150795;0.0
2;4.1559071426775285;7.202859679506913;0.0
1;18.210879323135295;0.9747634994069538;0.0
2;4.169054782761584;7.222938015100786;0.0
1;18.193261794202083;0.9864831634755581;0.0
2;4.182183134600559;7.24295616444408;0.0
1;18.176234848756952;0.9977235428870544;0.0
2;4.196188270969296;7.262200784316434;0.0
1;18.159784080050546;1.0085034540972146;0.0
2;4.210875423805106;7.2811820261508755;0.0
1;18.140870428562504;1.0207769886371203;0.0
2;4.225345784065365;7.30032905396039;0.0
1;18.122358907161033;1.0341775059126226;0.0
2;4.2388492738630354;7.32016981410924;0.0
1;18.104140517922794;1.047058000977644;0.0
2;4.252000018724924;7.340246116298078;0.0
1;18.086185661702267;1.0600218983323992;0.0
2;4.265717849892364;7.359939290447047;0.0
1;18.065711921419034;1.0725449154933993;0.0
2;4.278615300465522;7.3801792452076915;0.0
1;18.04464289504307;1.0840382234405896;0.0
2;4.2916065833320065;7.4003591007444145;0.0
1;18.023965323676375;1.0952314455850793;0.0
2;4.304530729547681;7.42058201953958;0.0
1;18.00227113125883;1.10549604569178;0.0
2;4.317782176163763;7.440591996115806;0.0
1;17.980550508268927;1.115704597838407;0.0
2;4.330903707570975;7.46068740388797;0.0
1;17.959748204163567;1.1276738978976468;0.0
2;4.343587374903702;7.481062010215276;0.0
1;17.938984038961983;1.1397092393336539;0.0
2;4.357334410878395;7.500734808742951;0.0
1;17.918749907408866;1.152615823711062;0.0
2;4.371821037574142;7.519869532335888;0.0
1;17.898289628512625;1.1651608222159677;0.0
2;4.386231273747678;7.539061850940551;0.0
1;17.87778726593224;1.177636924516864;0.0
2;4.4010198773771165;7.557964157749281;0.0
1;17.857240051944146;1.1900390210060658;0.0
2;4.415735719244675;7.576923166112827;0.0
1;17.8372069318391;1.2020207460283703;0.0
2;4.428148954530308;7.597463652712309;0.0
1;17.818006533233504;1.2133880586732138;0.0
2;4.440482985432404;7.618051796914887;0.0
1;17.79761563874921;1.2254171298778245;0.0
2;4.452620302237513;7.638756519583216;0.0
1;17.777073332855963;1.237693280508249;0.0
2;4.465494966145062;7.659010976605503;0.0
1;17.75745939475832;1.2515241674032345;0.0
2;4.478410252700772;7.679239554736056;0.0
1;17.738057149786922;1.2656504864591613;0.0
2;4.492434632713431;7.698715610940034;0.0
1;17.719191574985043;1.2804859199679843;0.0
2;4.506075759660994;7.718461994294979;0.0
1;17.700435674312278;1.295459770172701;0.0
2;4.519737505944521;7.738194117558443;0.0
1;17.681687393789055;1.3104431602237743;0.0
2;4.532961310040557;7.757258996573549;0.0
1;17.662934315294073;1.3254205447404752;0.0
2;4.546180337104455;7.777290404998419;0.0
1;17.644017140560468;1.3401901249680344;0.0
2;4.561154576325278;7.796045995091976;0.0
1;17.62536812230241;1.3552968823305738;0.0
2;4.576097775236252;7.814826325395437;0.0
1;17.606551457574508;1.3701943025272956;0.0
2;4.590724778388894;7.833280448887919;0.0
1;17.586534996519198;1.3834359522289472;0.0
2;4.603707924223199;7.852160255961006;0.0
1;17.56609272566623;1.3960102737762083;0.0
2;4.616150006148805;7.871902446666997;0.0
1;17.545554032807086;1.4084264767238786;0.0
2;4.627956190504396;7.8907138420333585;0.0
1;17.5247553675516;1.420402098778296;0.0
2;4.64173967851298;7.910234590179797;0.0
1;17.50390378386043;1.432285341499463;0.0
2;4.654545180084112;7.930532844526211;0.0
1;17.482987969454566;1.4440551634071812;0.0
2;4.667409072452879;7.9507941444135515;0.0
1;17.462113163198246;1.4558975645049783;0.0
2;4.6807603174963095;7.970737671077366;0.0
1;17.441163185426525;1.4676064684402061;0.0
2;4.695141923883629;7.989951452530277;0.0
1;17.420686925365406;1.478873345662222;0.0
2;4.708974885779021;8.008400515312772;0.0
1;17.399891052084396;1.4885698984109128;0.0
2;4.722300996950872;8.027675391788964;0.0
1;17.378390856603584;1.4988278033900064;0.0
2;4.735858522385553;8.047349542258633;0.0
1;17.356602002021823;1.5084980195445619;0.0
2;4.748896639556386;8.066210195633575;0.0
1;17.335519324225746;1.5175641091323657;0.0
2;4.761585858329291;8.084432575804016;0.0
1;17.313615008541408;1.5273723176538463;0.0
2;4.775323677688428;8.102436788193039;0.0
1;17.291683395112543;1.537119334243904;0.0
2;4.788658014218747;8.119829933996444;0.0
1;17.269536273807855;1.54636622658217;0.0
2;4.801596156532681;8.136824484106022;0.0
1;17.247485656236705;1.5554707071755747;0.0
2;4.814079611474102;8.15316678254165;0.0
1;17.226012253259213;1.5661895207557335;0.0
2;4.8283544490076435;8.169035898010524;0.0
1;17.204615067441097;1.576773180681149;0.0
2;4.842713694544014;8.185956099381032;0.0
1;17.183078624367216;1.5873647631750663;0.0
2;4.856567555133452;8.202293802618412;0.0
1;17.161572904292363;1.5980185889696878;0.0
2;4.8709112318784955;8.218025495163976;0.0
1;17.1403174800157;1.6091634056491593;0.0
2;4.884789579907672;8.233262892029849;0.0
1;17.119602700318627;1.619897561430414;0.0
2;4.898133518308963;8.249850122647727;0.0
1;17.099687916502205;1.6300939519218918;0.0
2;4.912540175606292;8.266553557125494;0.0
1;17.07970820307055;1.6410777709921827;0.0
2;4.927134083150408;8.281713759189788;0.0
1;17.06052403488219;1.651534926546906;0.0
2;4.94014158004202;8.29794824726836;0.0
1;17.041932094384258;1.6615688364663435;0.0
2;4.952546005081426;8.313573040157312;0.0
1;17.02366219427862;1.6708823041063499;0.0
2;4.965589787825477;8.329986214790106;0.0
1;17.00342469646571;1.6812400950286264;0.0
2;4.978029610194625;8.34580682005043;0.0
1;16.984106120036795;1.6911039395957255;0.0
2;4.990162740924123;8.362618343362772;0.0
1;16.964243426627856;1.7013176509201797;0.0
2;5.001750127436255;8.379115242128503;0.0
1;16.945189681328493;1.711057206269059;0.0
2;5.012877566586608;8.395056691093956;0.0
1;16.929887684578766;1.72726996491859;0.0
2;5.022860144191219;8.411343099975952;0.0
1;16.914263312602024;1.7450907742534916;0.0
2;5.0332144518385435;8.42907915108113;0.0
1;16.8990514416201;1.76234431724633;0.0
2;5.0431204599883;8.44801979381556;0.0
1;16.88431015910565;1.7789722881359775;0.0
2;5.0531567588502035;8.469519750215232;0.0
1;16.869166793909077;1.7947083110894766;0.0
2;5.062932779801923;8.490256452584015;0.0
1;16.85157127611208;1.8096459671499645;0.0
2;5.073040773920036;8.510216646013872;0.0
1;16.83416235540648;1.8258324689123744;0.0
2;5.082635342327391;8.529330245331892;0.0
1;16.815985254197344;1.8415038757296565;0.0
2;5.09200447992689;8.549212423560762;0.0
1;16.79625659396472;1.8551706224319882;0.0
2;5.100244411291106;8.570913543179898;0.0
1;16.776428485180524;1.8686926822618373;0.0
2;5.10940777420253;8.593095355102136;0.0
1;16.756727056152815;1.8823986552030838;0.0
2;5.118371540777261;8.615358573395854;0.0
1;16.73723867196365;1.896405899103847;0.0
2;5.127270809396599;8.637448730650336;0.0
1;16.717772096178894;1.9104434354694768;0.0
2;5.135156557601134;8.66011621783473;0.0
1;16.698047542617836;1.9241161084640634;0.0
2;5.142758169843219;8.681966214560145;0.0
1;16.67833504780366;1.937806161356623;0.0
2;5.150013675723895;8.702822319760754;0.0
1;16.658644194369845;1.951527323517606;0.0
2;5.154589441040857;8.72570816832632;0.0
1;16.63973945648741;1.9646953848629707;0.0
2;5.159476370200279;8.7478781936389;0.0
1;16.61986944212049;1.977784415617061;0.0
2;5.163063562988855;8.770906659294733;0.0
1;16.600216625749475;1.9915600030342;0.0
2;5.166558951418244;8.792959770001806;0.0
1;16.58132983073989;2.0063684119381264;0.0
2;5.16965218423249;8.815905942700539;0.0
1;16.56221916996935;2.0208867673860897;0.0
2;5.172703349053572;8.837763661372541;0.0
1;16.542720946790954;2.0348803120723185;0.0
2;5.175714612397203;8.858566486022026;0.0
1;16.523688843351636;2.049501496657537;0.0
2;5.181654662223126;8.881207235206901;0.0
1;16.504621165682334;2.064076258003767;0.0
2;5.188193847204742;8.904299204801896;0.0
1;16.485747323915344;2.078901172740609;0.0
2;5.194920673785881;8.92733721261827;0.0
1;16.46728171705692;2.093289288744433;0.0
2;5.20170372043226;8.95035873033959;0.0
1;16.449318626935344;2.107049761390513;0.0
2;5.209458824305663;8.97307124591829;0.0
1;16.431087133269973;2.118942571897535;0.0
2;5.2173788747049885;8.995726770667721;0.0
1;16.413574455647343;2.1302834352859126;0.0
2;5.2254931640684275;9.018313454977871;0.0
1;16.3967286189653;2.141122639374315;0.0
2;5.23364907171938;9.0403516292368;0.0
1;16.380555421467488;2.1514555184870385;0.0
2;5.241665116848779;9.06137195388047;0.0
1;16.363270737754732;2.1607337435833722;0.0
2;5.250328291533012;9.083753852914967;0.0
1;16.3450589651021;2.1726155714582154;0.0
2;5.2582258471115555;9.106417229006887;0.0
1;16.32601135481441;2.1830732573935614;0.0
2;5.2672491075408345;9.128656401006433;0.0
1;16.305886856447717;2.1932266472346007;0.0
2;5.276553322733649;9.150779501594863;0.0
1;16.286162060145383;2.20286542598241;0.0
2;5.285868304216913;9.172898071168108;0.0
1;16.267270016632782;2.2120069143405807;0.0
2;5.294334022863884;9.195355399766814;0.0
1;16.248104854585662;2.2223949933022427;0.0
2;5.303031071276795;9.217724158089608;0.0
1;16.22762738662631;2.234114363997418;0.0
2;5.311659836066495;9.240119345478956;0.0
1;16.20780953143807;2.245391402705391;0.0
2;5.321115558601084;9.262178114967503;0.0
1;16.18862096501996;2.256250617219167;0.0
2;5.329853550328331;9.284530911226016;0.0
1;16.170078563213604;2.2667285858277477;0.0
2;5.3389698619635695;9.306732101783489;0.0
1;16.150351414894157;2.2772847814909682;0.0
2;5.3483415411878745;9.328826708105321;0.0
1;16.131372946727826;2.2874991298690244;0.0
2;5.358039313080748;9.350780141101412;0.0
1;16.113159235982256;2.297376512580716;0.0
2;5.3669967618263925;9.373045902080303;0.0
1;16.09393818922921;2.305654440449724;0.0
2;5.376300775506713;9.395169087416878;0.0
1;16.07559111484941;2.3136892626623644;0.0
2;5.385702438810514;9.41725095162989;0.0
1;16.05505574851959;2.321168233963727;0.0
2;5.396530268173252;9.438669590972562;0.0
1;16.035447534136406;2.330643956664137;0.0
2;5.407657504963179;9.459934223615072;0.0
1;16.016757405109715;2.3398958346025713;0.0
2;5.4196378363694455;9.480730176572223;0.0
1;15.999942511627195;2.3505509586685105;0.0
2;5.431649871231791;9.501507833284803;0.0
1;15.983968370649105;2.360806163768823;0.0
2;5.443871531478442;9.522162881597877;0.0
1;15.967146967198282;2.3715550889304264;0.0
2;5.4550031254891005;9.543025443181985;0.0
1;15.950510569112556;2.3839058465019556;0.0
2;5.468203545800693;9.56306911808449;0.0
1;15.934660369421316;2.395842907219398;0.0
2;5.481611814839632;9.58297435160182;0.0
1;15.917986086509478;2.406389646660858;0.0
2;5.495212320794554;9.602718084009766;0.0
1;15.896963105252741;2.4179669632359055;0.0
2;5.509234276424846;9.622195885741535;0.0
1;15.876798119429228;2.429279180499526;0.0
2;5.523365340149659;9.641594675343088;0.0
1;15.857157938554256;2.4403497446557187;0.0
2;5.536671014069377;9.66156863442841;0.0
1;15.838399348066961;2.4511423242043513;0.0
2;5.548744844770279;9.681839870538052;0.0
1;15.819777651071782;2.464064210971878;0.0
2;5.560485035542901;9.701174000261453;0.0
1;15.80141614644236;2.479519150238783;0.0
2;5.573460075848821;9.721364303108606;0.0
1;15.781760308548467;2.493290426021695;0.0
2;5.585934342161295;9.74186778281244;0.0
1;15.762066636680228;2.5070075426409457;0.0
2;5.599062341406561;9.761958965849193;0.0
1;15.742434617259223;2.520812752289962;0.0
2;5.61204984415516;9.782141254429904;0.0
1;15.722862459604002;2.5347026999039444;0.0
2;5.624269274380268;9.802797622091566;0.0
1;15.702671071981323;2.547676052048655;0.0
2;5.6355413718444245;9.823985822080205;0.0
1;15.682530428600524;2.5607280436287736;0.0
2;5.646995516012684;9.845076165400615;0.0
1;15.663921240860219;2.5758838389442995;0.0
2;5.659171555548985;9.86575813970701;0.0
1;15.64480499437518;2.5903948389209814;0.0
2;5.672199027369869;9.88591465175538;0.0
1;15.626392711407078;2.605789248162734;0.0
2;5.685179575126828;9.905737204949501;0.0
1;15.608856692858101;2.6221748532309013;0.0
2;5.697729771163878;9.924640671648666;0.0
1;15.591298001714383;2.63853616018724;0.0
2;5.7097740299984325;9.944111960408792;0.0
1;15.573748394112535;2.6549072100320457;0.0
2;5.721511721417205;9.962932192882954;0.0
1;15.556212555240785;2.6712930073902474;0.0
2;5.732923451475462;9.981056416489958;0.0
1;15.53900307264037;2.6880212382777624;0.0
2;5.742913437810342;9.999382189357345;0.0
1;15.522608426699698;2.70393321439237;0.0
2;5.7512327045926845;10.019165357652392;0.0
1;15.505304626964378;2.720563864250989;0.0
2;5.761517663207853;10.038471665352247;0.0
1;15.485712948692058;2.7344262645652875;0.0
2;5.771990579880876;10.058637446030763;0.0
1;15.466084000672998;2.74823584094058;0.0
2;5.784385792314032;10.078118036136503;0.0
1;15.446461560490114;2.7620546629333957;0.0
2;5.798393777589751;10.096220719170807;0.0
1;15.42664087070618;2.7755875952279516;0.0
2;5.812876352361449;10.114966375002785;0.0
1;15.406778547114882;2.789059347213294;0.0
2;5.827663780937911;10.1338696010792;0.0
1;15.38700916498778;2.802667121840787;0.0
2;5.842229205341693;10.152220875571908;0.0
1;15.366666870841572;2.8154025475843234;0.0
2;5.856319292010115;10.169690913614836;0.0
1;15.346117384523284;2.827800878603235;0.0
2;5.871068612047939;10.186127340372023;0.0
1;15.32560557074353;2.8402614361936758;0.0
2;5.88405634579307;10.203349648753443;0.0
1;15.305129945669202;2.8527813714097836;0.0
2;5.896599414282236;10.219687703761934;0.0
1;15.28537393406886;2.866408550341871;0.0
2;5.908388814346225;10.240592489006735;0.0
1;15.265644447728842;2.8800741044381786;0.0
2;5.920454357213929;10.261339119463452;0.0
1;15.245819479828478;2.8936007687627456;0.0
2;5.932429888888293;10.281628018730661;0.0
1;15.225482187667373;2.9063441806902413;0.0
2;5.943973870172112;10.300889334317006;0.0
1;15.204653017122826;2.918266665935617;0.0
2;5.955116563121157;10.319194837156727;0.0
1;15.183870808401993;2.930270823577189;0.0
2;5.964837295345556;10.338068813191688;0.0
1;15.163042964501813;2.942195626236761;0.0
2;5.976371173356007;10.356732036410618;0.0
1;15.143343540426317;2.9559044807145702;0.0
2;5.987495631329147;10.374454758087348;0.0
1;15.123816529240557;2.9698578256236314;0.0
2;5.997199527692792;10.392613839378864;0.0
1;15.103846985711941;2.983170125622458;0.0
2;6.008014638116639;10.411388847913523;0.0
1;15.08360350383997;2.9960620394330295;0.0
2;6.018445944770305;10.429193686585295;0.0
1;15.06346354819957;3.0091150922101657;0.0
2;6.028531587135666;10.448001113566933;0.0
1;15.043387580774272;3.0222663481174306;0.0
2;6.03826656411299;10.465831382906297;0.0
1;15.023098758357113;3.035086788239556;0.0
2;6.0476713945465645;10.482730974510597;0.0
1;15.0028783350217;3.048014838368509;0.0
2;6.056881618559038;10.498802330947914;0.0
1;14.982567868640652;3.060800961916493;0.0
2;6.0658083257527675;10.514046217110526;0.0
1;14.962354306756446;3.073739737590927;0.0
2;6.074610579779592;10.529084852500368;0.0
1;14.94256836010377;3.0866353997919864;0.0
2;6.08320990724772;10.543388935416534;0.0
1;14.923671212710106;3.0991772075113073;0.0
2;6.093345577652902;10.561329257979049;0.0
1;14.904595406701658;3.1114536227076623;0.0
2;6.106334560792532;10.57905279303075;0.0
1;14.886398931528733;3.123372284364361;0.0
2;6.118256918811416;10.598057921326872;0.0
1;14.867498770323792;3.1352976506315664;0.0
2;6.129830321757164;10.616141820095692;0.0
1;14.849442550097065;3.1468764868873054;0.0
2;6.141144354421454;10.633530827921646;0.0
1;14.830745784527819;3.1588052490371483;0.0
2;6.152140901364698;10.65010476740778;0.0
1;14.812935083210292;3.1703693034456886;0.0
2;6.167549978988429;10.666492073557468;0.0
1;14.796010522592008;3.181561620918962;0.0
2;6.182559365926006;10.682390977758267;0.0
1;14.779958966000939;3.1923788694163306;0.0
2;6.196146111536636;10.69920039009726;0.0
1;14.764744556468772;3.202835623376082;0.0
2;6.210058605681818;10.717067771424164;0.0
1;14.749382865639275;3.2138293536574496;0.0
2;6.22376620983571;10.735962454958779;0.0
1;14.73437314330333;3.224456463691742;0.0
2;6.2359925760391866;10.755090079937855;0.0
1;14.719380061514553;3.234700612501261;0.0
2;6.249426159467704;10.774475810436424;0.0
1;14.705184393394413;3.2449177859780605;0.0
2;6.262627853861031;10.792871229938177;0.0
1;14.68862437167662;3.254158003598684;0.0
2;6.27458963003488;10.813677861351424;0.0
1;14.671373719303277;3.263501340948314;0.0
2;6.286664649108679;10.834418977868319;0.0
1;14.654701209343138;3.2720179722095484;0.0
2;6.298996852492028;10.8550082167982;0.0
1;14.637438462348172;3.2827230084665038;0.0
2;6.311757247422725;10.87533485747522;0.0
1;14.619423960509565;3.2939195721287606;0.0
2;6.324731527071889;10.895525649128478;0.0
1;14.602320569502076;3.3047191368061095;0.0
2;6.337930190540046;10.915570480947537;0.0
1;14.586785145608186;3.3168201627161826;0.0
2;6.350902441491993;10.934832622105153;0.0
1;14.571149386415145;3.3300627041342965;0.0
2;6.364963517789882;10.954282201363968;0.0
1;14.556183255427243;3.342972351120518;0.0
2;6.379211951278562;10.973594946977128;0.0
1;14.540231057830596;3.355705648053952;0.0
2;6.392569852066967;10.993534016326702;0.0
1;14.52411930937054;3.3678294456331948;0.0
2;6.406063163631887;11.013381699894616;0.0
1;14.507174953852017;3.3825695414884827;0.0
2;6.419532362753651;11.033245754742966;0.0
1;14.489931093939164;3.398861200061714;0.0
2;6.432484228952821;11.053450931355874;0.0
1;14.473355624534566;3.414554853096306;0.0
2;6.445534334358944;11.073592796932058;0.0
1;14.458006556794782;3.4313190032192664;0.0
2;6.458190759746999;11.093984336756128;0.0
1;14.439830127689138;3.4469911895685765;0.0
2;6.47116837113582;11.114172987098355;0.0
1;14.422652088924066;3.4637517081818436;0.0
2;6.485056673913339;11.133746311955415;0.0
1;14.405142210979765;3.4801652444972055;0.0
2;6.498059387113073;11.153918804350889;0.0
1;14.387657834702592;3.496605943575963;0.0
2;6.5110448071483695;11.1741024330263;0.0
1;14.3702933737703;3.513173245605289;0.0
2;6.524708393084636;11.19383328245967;0.0
1;14.353922556643997;3.5307230702943606;0.0
2;6.538534976663981;11.21345025435962;0.0
1;14.337611131916761;3.5483281100093875;0.0
2;6.552025055252976;11.23330013545908;0.0
1;14.321330816667752;3.565961922285605;0.0
2;6.566011654046671;11.252803341713033;0.0
1;14.305079281291734;3.5836222619743556;0.0
2;6.580114298486433;11.272222801535738;0.0
1;14.28870812588424;3.601171771102068;0.0
2;6.595801649268589;11.290386144439445;0.0
1;14.272895949922296;3.619226551392853;0.0
2;6.6113058110941205;11.308706105304243;0.0
1;14.25710317838766;3.6372983074573533;0.0
2;6.627082099585444;11.326792252529081;0.0
1;14.24132848535759;3.655385846256402;0.0
2;6.6432123960942935;11.344563395838858;0.0
1;14.225564100109777;3.6734823696174943;0.0
2;6.659557679590686;11.36213700410303;0.0
1;14.210294509477214;3.691998297947285;0.0
2;6.676153112808993;11.379474581681709;0.0
1;14.194190533028955;3.7097932956307336;0.0
2;6.692342191462808;11.39719219247833;0.0
1;14.178765371187403;3.7281798228221836;0.0
2;6.708760317487006;11.414697766957723;0.0
1;14.163426830787646;3.7466386737724737;0.0
2;6.726643740461766;11.4307034903936;0.0
1;14.147423772218735;3.764524481454544;0.0
2;6.745504270904028;11.44554533635145;0.0
1;14.131556080533928;3.782530490468089;0.0
2;6.763942946116575;11.46090812439289;0.0
1;14.11570598403271;3.8005519898757987;0.0
2;6.782376270070454;11.476277332830913;0.0
1;14.09996521442264;3.818480327013023;0.0
2;6.801022834830379;11.491387118489682;0.0
1;14.083181797347834;3.834949798290645;0.0
2;6.819182137044079;11.50707914650111;0.0
1;14.067249214109204;3.850617955727925;0.0
2;6.837716834952205;11.522325948574153;0.0
1;14.050242835546934;3.8670467488926366;0.0
2;6.857384416288885;11.53608044763319;0.0
1;14.034074688502983;3.8827243473258357;0.0
2;6.8779461885590765;11.5484583925801;0.0
1;14.01901995989257;3.9007641520821363;0.0
2;6.898664905258989;11.56057180573696;0.0
1;14.004632384813078;3.91812395954925;0.0
2;6.919706729667628;11.572114839374438;0.0
1;13.990904366703527;3.9346996174332434;0.0
2;6.940847705580299;11.583475259149246;0.0
1;13.976808099106918;3.9502419982187473;0.0
2;6.962927582689505;11.592881588233556;0.0
1;13.961279340351972;3.9663657876200635;0.0
2;6.985110984061378;11.602041102607933;0.0
1;13.946280478723553;3.9818329246140225;0.0
2;7.006689940320155;11.612545799023431;0.0
1;13.931999398490621;3.996567688199476;0.0
2;7.0278346779908345;11.623899215638625;0.0
1;13.917404483063148;4.012621610517324;0.0
2;7.049539704868857;11.63414088582587;0.0
1;13.903433468738086;4.027988781878047;0.0
2;7.071342919139777;11.644171830320598;0.0
1;13.890691017356094;4.044451665767011;0.0
2;7.087411372928836;11.658819353848397;0.0
1;13.878490177143458;4.0601795303730945;0.0
2;7.102229354871138;11.673778360930354;0.0
1;13.864530067136766;4.0782176606085265;0.0
2;7.117843728327766;11.687286717612452;0.0
1;13.851120235030038;4.095488052025607;0.0
2;7.133186628642568;11.701455234612883;0.0
1;13.838233264298148;4.112038802564655;0.0
2;7.148891750450895;11.715354245036384;0.0
1;13.82681524366056;4.130328318730588;0.0
2;7.1639588528525096;11.728546084808672;0.0
1;13.81579772859719;4.147855204488405;0.0
2;7.178416534618845;11.741086600653913;0.0
1;13.805081604899305;4.164714975024621;0.0
2;7.192813566031756;11.752971941547559;0.0
1;13.792637042024602;4.180586740005529;0.0
2;7.207863946539539;11.763377790891386;0.0
1;13.780630771860366;4.195829617288433;0.0
2;7.22315452564591;11.774324176217412;0.0
1;13.76905313574822;4.210450667594547;0.0
2;7.238509731839822;11.786137240464143;0.0
1;13.759025178258806;4.225827205136622;0.0
2;7.2535021829840485;11.798886712783396;0.0
1;13.750055159342226;4.241841852018022;0.0
2;7.267785236350405;11.812217062283187;0.0
1;13.738692335918406;4.259947724429896;0.0
2;7.28147318222854;11.825514265449726;0.0
1;13.727623266535785;4.277333353550381;0.0
2;7.296059493754189;11.838762321596084;0.0
1;13.716214978547823;4.2943098304424865;0.0
2;7.310020213285766;11.85135658819587;0.0
1;13.705060766223902;4.310762562383998;0.0
2;7.323598595818378;11.86337440604567;0.0
1;13.69265415780454;4.3282898361140845;0.0
2;7.336608892996748;11.874821814844093;0.0
1;13.681696651009702;4.346673209080464;0.0
2;7.350192843612317;11.887417079866411;0.0
1;13.67103162060006;4.36427766487412;0.0
2;7.366311544088613;11.901217032641842;0.0
1;13.660598151412072;4.381639741842942;0.0
2;7.383600391014951;11.916520563224669;0.0
1;13.649521350107706;4.400196884852155;0.0
2;7.401514931522471;11.931637919714252;0.0
1;13.639561005858669;4.421681986865983;0.0
2;7.41905193479891;11.946027379250838;0.0
1;13.629855518416647;4.442076029305046;0.0
2;7.435824112949301;11.95970508680808;0.0
1;13.620403488428519;4.461414322339092;0.0
2;7.453033220957171;11.973703820533792;0.0
1;13.608573264155435;4.480596319346583;0.0
2;7.470695884244582;11.986990259486443;0.0
1;13.595109668264477;4.499475270976234;0.0
2;7.488357392180962;11.999628841364077;0.0
1;13.580948235385916;4.518851901716019;0.0
2;7.50543530590949;12.011854690212262;0.0
1;13.567207919222156;4.537362204416086;0.0
2;7.522065070367985;12.023830001295549;0.0
1;13.55382674349395;4.555863279519422;0.0
2;7.538082324687307;12.035363518022658;0.0
1;13.540583137661509;4.573557276641732;0.0
2;7.556957077391922;12.046373920985538;0.0
1;13.527702681963339;4.59067996571521;0.0
2;7.575000377596785;12.056910197138595;0.0
1;13.515279854770903;4.606980700267437;0.0
2;7.593897073836703;12.067610958892201;0.0
1;13.504247673658528;4.624149930255227;0.0
2;7.611945435647033;12.077872374096552;0.0
1;13.493577045608975;4.640522868932565;0.0
2;7.6293046165837275;12.087812256906686;0.0
1;13.481961174591396;4.657962403946109;0.0
2;7.647025361511112;12.099112516132013;0.0
1;13.468294725910107;4.674926952874053;0.0
2;7.664645727672975;12.108903358237324;0.0
1;13.452882087584937;4.691044477628175;0.0
2;7.685978594165938;12.117880770314647;0.0
1;13.437948734655611;4.706536365990759;0.0
2;7.707814849403119;12.12783958335721;0.0
1;13.422276039654149;4.724712356510979;0.0
2;7.729862421973457;12.137321384017195;0.0
1;13.406677412325127;4.742438962317801;0.0
2;7.751873419247042;12.146887783497785;0.0
1;13.391656122063718;4.759334134435572;0.0
2;7.773527897310987;12.157235903123018;0.0
1;13.376749289601955;4.776513713065521;0.0
2;7.795262919605782;12.167413761731034;0.0
1;13.360439826658432;4.793824806675613;0.0
2;7.817434806458462;12.176601113547086;0.0
1;13.345123249068607;4.812301885744959;0.0
2;7.84007087218821;12.18457660903505;0.0
1;13.32836693226645;4.8294840231913225;0.0
2;7.862882177235805;12.19203612390035;0.0
1;13.310669151913048;4.845694777972108;0.0
2;7.885849285799539;12.19900117409555;0.0
1;13.293859857997234;4.862825091397488;0.0
2;7.908776375564722;12.206096845656385;0.0
1;13.277041167551035;4.879946179320718;0.0
2;7.931894844344495;12.21254171968763;0.0
1;13.25967620876721;4.896512959527991;0.0
2;7.954966129142223;12.219153513527592;0.0
1;13.243397394673286;4.914148157618612;0.0
2;7.977546230475276;12.227286103753901;0.0
1;13.226135369231903;4.930822163665782;0.0
2;7.999519903141532;12.236937927910827;0.0
1;13.208531470354025;4.947134819620514;0.0
2;8.021428920218684;12.246735630228873;0.0
1;13.190747282398176;4.96325073283544;0.0
2;8.043187556624032;12.256862907344654;0.0
1;13.17460889627628;4.981014530103496;0.0
2;8.064870257614308;12.267151759455864;0.0
1;13.158616040160412;4.998909461040974;0.0
2;8.086727077546016;12.2768575280415;0.0
1;13.142427519344814;5.016627581533931;0.0
2;8.107126524685828;12.286907096810014;0.0
1;13.124669232429039;5.032772030914972;0.0
2;8.127027106722856;12.296529411258113;0.0
1;13.105248554074509;5.046872997273698;0.0
2;8.147349990368392;12.30588970683299;0.0
1;13.085797559563408;5.0609321157570575;0.0
2;8.167800846096746;12.315183115084555;0.0
1;13.066221925639079;5.074817163702983;0.0
2;8.18988854164455;12.324571070420387;0.0
1;13.046447226355593;5.088417210329656;0.0
2;8.21104559387654;12.333878900187964;0.0
1;13.026067105803268;5.101092015506569;0.0
2;8.231029426266712;12.342985720880165;0.0
1;13.005281061026926;5.113089529522226;0.0
2;8.250535834981314;12.351846104980691;0.0
1;12.984448638483602;5.125006331567088;0.0
2;8.2691804148277;12.36106102884126;0.0
1;12.963653302002246;5.136987733013796;0.0
2;8.288306485344776;12.371635111017996;0.0
1;12.942877068397248;5.149002229140998;0.0
2;8.306876014689067;12.382158401621805;0.0
1;12.922282193581294;5.160960574669335;0.0
2;8.32758427463454;12.394176054592137;0.0
1;12.902791535582338;5.174964654459443;0.0
2;8.347428191194;12.407674905490685;0.0
1;12.884357918996772;5.189373088811973;0.0
2;8.367601315630994;12.420676638084828;0.0
1;12.865736032607153;5.204513278615676;0.0
2;8.387234415445777;12.434480311206963;0.0
1;12.847749857847038;5.220403449083565;0.0
2;8.406661954248419;12.44783263920156;0.0
1;12.829762771626195;5.236292587804211;0.0
2;8.425472314665011;12.461216929634638;0.0
1;12.811414533546625;5.251763274905158;0.0
2;8.443397539678006;12.474238907028772;0.0
1;12.792653594520695;5.265789913462496;0.0
2;8.460132893942932;12.490433266779176;0.0
1;12.774760432384513;5.279683216947616;0.0
2;8.476026589380856;12.505973250139052;0.0
1;12.757799947884227;5.292960702006882;0.0
2;8.492616316147084;12.521779101904011;0.0
1;12.741733546613021;5.305649744492056;0.0
2;8.508461617592827;12.537349787323933;0.0
1;12.725403722962234;5.319383242661621;0.0
2;8.523528286423195;12.552251180427222;0.0
1;12.720689606054435;5.342070670128693;0.0
2;8.539947870868772;12.569755386968353;0.0
1;12.715941815741619;5.364072536026318;0.0
2;8.557048634525742;12.586594742132624;0.0
1;12.711803587135737;5.385805755810107;0.0
2;8.574084249295677;12.603500002539088;0.0
1;12.706565622761591;5.408149635980988;0.0
2;8.590642043426762;12.620046211352998;0.0
1;12.700093224216062;5.431051339324721;0.0
2;8.607228920060706;12.636238562690828;0.0
1;12.693884990682069;5.453040494834113;0.0
2;8.623147124099082;12.651861603809815;0.0
1;12.687925926911916;5.4741608176736785;0.0
2;8.639299098764479;12.668173753882705;0.0
1;12.682694681770563;5.496361708762711;0.0
2;8.654762927042826;12.683858668199028;0.0
1;12.679240733990492;5.518485984013472;0.0
2;8.669629796295066;12.698988793874976;0.0
1;12.677220100936756;5.540302449259789;0.0
2;8.685737091497582;12.714076767990482;0.0
1;12.673517129667855;5.5625592271232795;0.0
2;8.70108832401445;12.730503577068808;0.0
1;12.669809816427529;5.584123841935231;0.0
2;8.717406006617194;12.74810281666818;0.0
1;12.666138050883992;5.605169234381782;0.0
2;8.733701352956242;12.765722739701227;0.0
1;12.6633373181483;5.6290052553614505;0.0
2;8.749404937282934;12.782779647848006;0.0
1;12.65969606182725;5.652727423314747;0.0
2;8.764407280668744;12.799085744325083;0.0
1;12.655930290608962;5.676430143984145;0.0
2;8.781027907671927;12.816155535408825;0.0
1;12.652277837738158;5.700150590607819;0.0
2;8.796993113365453;12.832777796510795;0.0
1;12.648504035627166;5.7238520339737216;0.0
2;8.814084591972753;12.849207422115787;0.0
1;12.644594881452552;5.747531529611067;0.0
2;8.830817687877282;12.865241001894491;0.0
1;12.64071046694913;5.770745908933184;0.0
2;8.847967806805064;12.881961901606674;0.0
1;12.634963550776657;5.794047689004812;0.0
2;8.865133650729978;12.898040284269184;0.0
1;12.629381282568426;5.817389460181211;0.0
2;8.881609826286576;12.9135977728663;0.0
1;12.623752150358952;5.840719973903979;0.0
2;8.900143138986115;12.928846258705265;0.0
1;12.617722697023893;5.863950249246306;0.0
2;8.918006927464004;12.944873893004102;0.0
1;12.611926146498163;5.887239731894116;0.0
2;8.935846290231497;12.960928709603795;0.0
1;12.606732631541403;5.910671065667376;0.0
2;8.953262468872358;12.97669839465361;0.0
1;12.60141669433046;5.934074928843555;0.0
2;8.970597081161758;12.993296925214361;0.0
1;12.595984134209312;5.957451996463984;0.0
2;8.987368867779912;13.00953399002134;0.0
1;12.590518374511099;5.98063296540069;0.0
2;9.003449951323178;13.025066254524717;0.0
1;12.585208819857618;6.0027161751877225;0.0
2;9.020645214900984;13.040744716224562;0.0
1;12.580061038911547;6.023761479539134;0.0
2;9.039396253893404;13.05572465403167;0.0
1;12.575074999112505;6.043833226940704;0.0
2;9.058689604870807;13.0699993381985;0.0
1;12.569283541714121;6.067030512910508;0.0
2;9.07712421817126;13.085367000104682;0.0
1;12.563690958442534;6.090369814792748;0.0
2;9.095536302279436;13.100761647187142;0.0
1;12.558103795783179;6.113710414901098;0.0
2;9.11318703079736;13.1170236207078;0.0
1;12.553081454681045;6.1371790341586046;0.0
2;9.131217346361998;13.132863687647037;0.0
1;12.548120328858955;6.1606606701871565;0.0
2;9.149181177757976;13.148779112918668;0.0
1;12.543007529454533;6.184109748681847;0.0
2;9.168023397838205;13.163644197595461;0.0
1;12.537952679097062;6.207571387325888;0.0
2;9.186815588585098;13.178572478371638;0.0
1;12.532956028340097;6.231045489677478;0.0
2;9.206407321609431;13.1924348013048;0.0
1;12.528007616735714;6.254529808330434;0.0
2;9.226279588801946;13.205891881100555;0.0
1;12.52322675610752;6.277364320897803;0.0
2;9.245971171436246;13.219611996747172;0.0
1;12.520392562849642;6.30018821680986;0.0
2;9.266648283116888;13.231796292071326;0.0
1;12.517583259098945;6.322273331022877;0.0
2;9.287208453611115;13.244176897438122;0.0
1;12.514880509512974;6.344037015637747;0.0
2;9.306179289711892;13.25887748850234;0.0
1;12.512241769625069;6.364939755612758;0.0
2;9.325045280084346;13.273712393532925;0.0
1;12.509370325483864;6.388767361630651;0.0
2;9.332822073501665;13.296046960213774;0.0
1;12.507396000225675;6.412686016270386;0.0
2;9.340680271027514;13.317872320384957;0.0
1;12.506864088896485;6.436680121178423;0.0
2;9.348116952188532;13.338739396004527;0.0
1;12.506236807171494;6.4605088551591505;0.0
2;9.353817462987136;13.360065792747543;0.0
1;12.506017068197814;6.484507849196056;0.0
2;9.36001954515483;13.38215510049934;0.0
1;12.505782274187109;6.508136518383982;0.0
2;9.365887568821321;13.403386971095376;0.0
1;12.50505748019319;6.532125571588859;0.0
2;9.371450908176117;13.42580629039682;0.0
1;12.504332501136489;6.555714584650875;0.0
2;9.37789870880149;13.448923943112773;0.0
1;12.504298407566285;6.579714560434789;0.0
2;9.384673321316864;13.471710176352856;0.0
1;12.504392727855702;6.603714375094136;0.0
2;9.391847951014922;13.494612680335953;0.0
1;12.504374665581164;6.627602081178205;0.0
2;9.397507261877953;13.517935891962047;0.0
1;12.506250809564062;6.651528637214447;0.0
2;9.40147860460491;13.541605037213726;0.0
1;12.509146615727566;6.675353294749518;0.0
2;9.405471979337507;13.565270475266825;0.0
1;12.511861385512573;6.699199259293114;0.0
2;9.409375559902767;13.588306440041212;0.0
1;12.514485788302641;6.723055338392486;0.0
2;9.412136514023937;13.61169973211204;0.0
1;12.516999234720835;6.7469233627577925;0.0
2;9.415077738543216;13.634465114974578;0.0
1;12.52109898087073;6.770570605335023;0.0
2;9.41791677399021;13.656230485167747;0.0
1;12.526223166129872;6.794017198380282;0.0
2;9.420725353914898;13.677174540983428;0.0
1;12.531047207357496;6.817527379711659;0.0
2;9.42340903681244;13.697207549865238;0.0
1;12.536524912294313;6.8408939102334365;0.0
2;9.427452039367369;13.717867010264177;0.0
1;12.540298531921996;6.86459538265406;0.0
2;9.43131428831907;13.737658934807666;0.0
1;12.543837484914977;6.888333028108348;0.0
2;9.435012513597242;13.756612332505112;0.0
1;12.547125662974793;6.912106708619513;0.0
2;9.439429149338341;13.778101531230556;0.0
1;12.549973916426763;6.93457665853666;0.0
2;9.447150078871536;13.79999317412735;0.0
1;12.55361667806731;6.957473011755761;0.0
2;9.451552224410824;13.822874818119525;0.0
1;12.557226928986854;6.980751718466056;0.0
2;9.454808086133488;13.846287852454147;0.0
1;12.56114839804321;7.004263263981741;0.0
2;9.458067665543537;13.86955103895437;0.0
1;12.565782798360155;7.027369939245945;0.0
2;9.461776713826348;13.892381987500174;0.0
1;12.569919846572137;7.049078943052606;0.0
2;9.465595714305886;13.914794513010584;0.0
1;12.573588623474498;7.069450834467165;0.0
2;9.468700345166809;13.93795697398583;0.0
1;12.577417501777655;7.090245295248443;0.0
2;9.471810744791703;13.961754566598813;0.0
1;12.579349763622663;7.113294668643891;0.0
2;9.474972686555619;13.98554536575062;0.0
1;12.581498735373387;7.137198265034698;0.0
2;9.478158736066625;14.008866162911062;0.0
1;12.585060263234865;7.160932533915199;0.0
2;9.481424164874253;14.032642978818629;0.0
1;12.588420229625399;7.184696174752716;0.0
2;9.484187261237947;14.056483391954414;0.0
1;12.591226303440425;7.207558766172132;0.0
2;9.486830866485235;14.080337350772533;0.0
1;12.591430394878223;7.227065497266544;0.0
2;9.488179124021562;14.104299450046506;0.0
1;12.591407893593594;7.2455153134289185;0.0
2;9.489535335686508;14.12826110044709;0.0
1;12.59116991218472;7.262959506013594;0.0
2;9.492370677759775;14.152093029351978;0.0
1;12.590728148359709;7.279449866101143;0.0
2;9.49414558290566;14.176027308361864;0.0
1;12.590094702017709;7.29503747029245;0.0
2;9.495701319731676;14.199976832009071;0.0
1;12.589282072831878;7.30977182932308;0.0
2;9.497308265618702;14.223922974180956;0.0
1;12.588303307795407;7.324288088066423;0.0
2;9.498933743575627;14.247867865523611;0.0
1;12.586017034221078;7.340402805761927;0.0
2;9.499780607113452;14.271468969729538;0.0
1;12.583599243655051;7.355706270867228;0.0
2;9.500287916441417;14.29546360740644;0.0
1;12.58106077098296;7.370242722542799;0.0
2;9.500837923439647;14.318473633941458;0.0
1;12.57841162229454;7.384055516451624;0.0
2;9.50202450599111;14.342444283115992;0.0
1;12.575660002114073;7.39718798182276;0.0
2;9.502535773936556;14.366438836770685;0.0
1;12.573541247624107;7.411141587850304;0.0
2;9.502550067505657;14.390438832514308;0.0
1;12.57121269682743;7.424509738124878;0.0
2;9.502693287764416;14.414438405176284;0.0
1;12.568726594981047;7.4372504973827285;0.0
2;9.502971172475357;14.438267409819591;0.0
1;12.566431781716394;7.451058911714009;0.0
2;9.503156718497747;14.461491675272585;0.0
1;12.563960440074695;7.464214887405491;0.0
2;9.503382941344999;14.484271534537733;0.0
1;12.562642571368514;7.478590363925533;0.0
2;9.503586853929484;14.507645113239878;0.0
1;12.561122050835749;7.492219260565749;0.0
2;9.504009735663569;14.531641387347308;0.0
1;12.559434050564517;7.505113186145828;0.0
2;9.504535152362175;14.555457791518597;0.0
1;12.557607480596726;7.517294163532478;0.0
2;9.503817528107348;14.578518780691681;0.0
1;12.555666231517753;7.528791040402593;0.0
2;9.502176785478936;14.600349191390185;0.0
1;12.553785716903072;7.540738632964042;0.0
2;9.500864936684534;14.621013572843575;0.0
1;12.55324938292024;7.552713429752826;0.0
2;9.501267173525545;14.642104591382518;0.0
1;12.552378239562126;7.566987775121947;0.0
2;9.501907704539354;14.662095928595768;0.0
1;12.550564962242442;7.584107873916944;0.0
2;9.50277050227583;14.681032253503188;0.0
1;12.550240123874719;7.603462310720152;0.0
2;9.506595584696207;14.70437351299406;0.0
1;12.54958592242859;7.621800216723196;0.0
2;9.509185634294678;14.727079446131905;0.0
1;12.548629550838786;7.640014488869845;0.0
2;9.51148346928506;14.750069599092345;0.0
1;12.548666270589834;7.658969946448353;0.0
2;9.513099752987062;14.773153926385767;0.0
1;12.547576042574114;7.679728957795613;0.0
2;9.515007555106166;14.795079992907873;0.0
1;12.546170520912929;7.6996553184816765;0.0
2;9.519029954391623;14.816619293059727;0.0
1;12.542928889416435;7.723435390500931;0.0
2;9.525356921316275;14.837413160631685;0.0
1;12.539155298076324;7.746476549480369;0.0
2;9.532798032403756;14.859045409195597;0.0
1;12.535130736419443;7.768588245721244;0.0
2;9.539951816741917;14.881359942678827;0.0
1;12.530885429134848;7.789755082712192;0.0
2;9.54781553130293;14.902847271128875;0.0
1;12.526381850569477;7.81077921488087;0.0
2;9.55551246387867;14.923300499222748;0.0
1;12.521706823855398;7.830833271196862;0.0
2;9.563631504877405;14.943123730958325;0.0
1;12.516901370238426;7.849924773578628;0.0
2;9.57294224652265;14.963139557140291;0.0
1;12.512559727561376;7.871452542706498;0.0
2;9.581915023119526;14.98219196576847;0.0
1;12.507858958446299;7.892668182469457;0.0
2;9.590545581656343;15.000867289590222;0.0
1;12.503010507138256;7.915257824742439;0.0
2;9.598225973730628;15.021386447837038;0.0
1;12.498036778366155;7.9366820445685775;0.0
2;9.606554600259638;15.04138196026924;0.0
1;12.492977692797965;7.956986102491738;0.0
2;9.61452575872769;15.062478500944877;0.0
1;12.488088605795818;7.977727180625403;0.0
2;9.622245976918913;15.082613042541032;0.0
1;12.483781928814844;7.9996165786164575;0.0
2;9.624701705084707;15.102356168069218;0.0
1;12.479383852154845;8.020331284372253;0.0
2;9.627223959948367;15.121289100941194;0.0
1;12.476204940220068;8.041487924462785;0.0
2;9.630896460444177;15.139685211334614;0.0
1;12.473220110184343;8.064528239610738;0.0
2;9.634649756744178;15.157443065043658;0.0
1;12.471089379057917;8.0884334688476;0.0
2;9.639036833164322;15.176342798668152;0.0
1;12.468599888422832;8.11230400374688;0.0
2;9.64328658162812;15.194340691738015;0.0
1;12.465911099628231;8.135118089420756;0.0
2;9.64740470921067;15.211481119204924;0.0
1;12.463004718181283;8.15671685506346;0.0
2;9.648571798991242;15.230513919078255;0.0
1;12.459983587675497;8.177018911832054;0.0
2;9.649802770656184;15.248717212451737;0.0
1;12.458749324236424;8.19843991545045;0.0
2;9.651317163821183;15.26910742197539;0.0
1;12.45729581421317;8.218465622728488;0.0
2;9.653156068110471;15.289546963567673;0.0
1;12.455665762646266;8.237186667071207;0.0
2;9.656888538958006;15.309952843423101;0.0
1;12.455866247199252;8.257542690233693;0.0
2;9.662638241897886;15.330208945889606;0.0
1;12.45579937001451;8.276522359343279;0.0
2;9.669813873237576;15.350835122902632;0.0
1;12.45550731034839;8.294216485915376;0.0
2;9.676698922392873;15.370734677581673;0.0
1;12.456085961429286;8.312528945840805;0.0
2;9.684067403744912;15.39238674626249;0.0
1;12.45767180832515;8.330529933175354;0.0
2;9.690855494507497;15.415406777187728;0.0
1;12.4587945932847;8.34792302848454;0.0
2;9.697359671185836;15.438508631782911;0.0
1;12.459532419549326;8.364384864755811;0.0
2;9.703814035156674;15.461624452895991;0.0
1;12.460035922918534;8.379705510656544;0.0
2;9.710150346966131;15.48477291186529;0.0
1;12.460335134953558;8.39395880189203;0.0
2;9.717182036937075;15.507719705457262;0.0
1;12.461374729010732;8.41182911254562;0.0
2;9.724095427995165;15.53070241687428;0.0
1;12.462172783595811;8.428460192014654;0.0
2;9.729080150673207;15.554179055045514;0.0
1;12.462759242093282;8.443933036342143;0.0
2;9.73469283472558;15.577513531206943;0.0
1;12.463045992476058;8.45914431658964;0.0
2;9.739298793979637;15.601067408580954;0.0
1;12.464291359241669;8.4741238968187;0.0
2;9.74377184232395;15.624646887763275;0.0
1;12.465307358711874;8.48804856207132;0.0
2;9.746670761508494;15.64847116671483;0.0
1;12.46735601140299;8.503700223951894;0.0
2;9.749791572729237;15.67226739619188;0.0
1;12.469115884323369;8.518279042000104;0.0
2;9.752790425044985;15.69607930255799;0.0
1;12.470615475554947;8.53189750599363;0.0
2;9.754853097699511;15.719990500384956;0.0
1;12.471712461378313;8.545263030099376;0.0
2;9.7554112103622;15.743984010137716;0.0
1;12.47259878036215;8.55781856720105;0.0
2;9.757910862371595;15.767853483107011;0.0
1;12.473172551839365;8.572268201300114;0.0
2;9.760165501226474;15.79174734431934;0.0
1;12.474528983576858;8.587319698768479;0.0
2;9.762354275115044;15.815647329023617;0.0
1;12.475591092602295;8.601404349795445;0.0
2;9.764501789067578;15.839551056428013;0.0
1;12.476489504538067;8.614430297587162;0.0
2;9.7679190722323;15.863306522657327;0.0
1;12.477936626931175;8.626639500635742;0.0
2;9.77020164265186;15.887197731757741;0.0
1;12.479224451131962;8.639209814114693;0.0
2;9.771458351661368;15.911164806724566;0.0
1;12.480164884096864;8.651486359967144;0.0
2;9.77366332806374;15.935063302055129;0.0
1;12.480950668672817;8.66294377573572;0.0
2;9.775186419088723;15.959014923998739;0.0
1;12.481593782798516;8.673688868721909;0.0
2;9.776728312125087;15.982965342906649;0.0
1;12.48257489687512;8.68624552258318;0.0
2;9.77793076697;16.006935201111194;0.0
1;12.483401558389271;8.698115826427417;0.0
2;9.78039932583272;16.03080790973718;0.0
1;12.484099069430938;8.70914893067255;0.0
2;9.784082775463952;16.054523562770868;0.0
1;12.486335014839275;8.723129633875724;0.0
2;9.78650696307769;16.078400817940032;0.0
1;12.488339031040635;8.736001832816857;0.0
2;9.78894940333774;16.10227621292265;0.0
1;12.489973876340123;8.748813581051952;0.0
2;9.791304518041816;16.12523994806933;0.0
1;12.491419832853003;8.760669197889143;0.0
2;9.79306724873365;16.14858504411474;0.0
1;12.49264823970378;8.774319955316207;0.0
2;9.794800413957713;16.172522381859487;0.0
1;12.493707622639782;8.786993662811733;0.0
2;9.797751620633568;16.19547689222204;0.0
1;12.494613056597846;8.798759900327061;0.0
2;9.799603945836092;16.21940530402358;0.0
1;12.496402313506026;8.810583373811868;0.0
2;9.801563285534048;16.24332519089514;0.0
1;12.497988944200019;8.821537249544345;0.0
2;9.80336120145958;16.267257752361157;0.0
1;12.49939253933231;8.831685846458866;0.0
2;9.80470839985209;16.29092085227571;0.0
1;12.500632448133715;8.841090162313005;0.0
2;9.805967877040475;16.31335020153598;0.0
1;12.501727616904024;8.8498081847265;0.0
2;9.808084109897477;16.33571845276423;0.0
1;12.502696068585573;8.857894587626761;0.0
2;9.80930576377565;16.358108170493608;0.0
1;12.503554218567157;8.865400104108057;0.0
2;9.810471683362545;16.379386988622887;0.0
1;12.50411657903704;8.872737265123108;0.0
2;9.810986956566516;16.40204031411164;0.0
1;12.504599554003867;8.879568016504424;0.0
2;9.811520202593147;16.423675570084892;0.0
1;12.504391817922983;8.889025776657153;0.0
2;9.811776497618474;16.447004623186004;0.0
1;12.50413677482044;8.89789578933527;0.0
2;9.81414230041045;16.470175846238515;0.0
1;12.503841447071727;8.906218208798231;0.0
2;9.816341542463642;16.49255529574702;0.0
1;12.503280609350304;8.914971537568118;0.0
2;9.819584988807314;16.51465869763448;0.0
1;12.503648223053572;8.924987062423515;0.0
2;9.822417497497876;16.53608470225223;0.0
1;12.502739151665224;8.93743783559997;0.0
2;9.824052858368068;16.5574235600326;0.0
1;12.501784478626435;8.949210899550328;0.0
2;9.826882904293091;16.579185865034884;0.0
1;12.500790837452485;8.96032622326946;0.0
2;9.828558753457234;16.601150759206895;0.0
1;12.499493559918019;8.971583072467286;0.0
2;9.830117199027196;16.62214358453384;0.0
1;12.498175716741583;8.982201284634698;0.0
2;9.831558430332253;16.642198428968427;0.0
1;12.497841383589181;8.995202950247805;0.0
2;9.833131261165978;16.662849246816076;0.0
1;12.497821314832006;9.0099549799961;0.0
2;9.832669427122111;16.68441535831902;0.0
1;12.495799167742655;9.026640685973202;0.0
2;9.832202171454481;16.705102242163512;0.0
1;12.493704679231234;9.042390190563243;0.0
2;9.83015906539282;16.72646206711872;0.0
1;12.492753189724134;9.060791930732574;0.0
2;9.82632910208284;16.748359660258778;0.0
1;12.49165577579727;9.078089860346285;0.0
2;9.823379840640664;16.770749307281527;0.0
1;12.49040127503428;9.096164470096408;0.0
2;9.820031027752204;16.793445963439517;0.0
1;12.48891632823877;9.113229081157776;0.0
2;9.815967357752655;16.81574569079008;0.0
1;12.487461213333171;9.133449807271768;0.0
2;9.8122664588506;16.837182173193828;0.0
1;12.486776715519252;9.153258747171709;0.0
2;9.810324768270398;16.858502587937537;0.0
1;12.485566561770549;9.17433356691013;0.0
2;9.80864750891537;16.87901143440278;0.0
1;12.484139535514643;9.194130748202486;0.0
2;9.808364117356772;16.90045149047779;0.0
1;12.482246034224104;9.213251720044267;0.0
2;9.806813739666014;16.92423593098709;0.0
1;12.480194235063806;9.231202357723857;0.0
2;9.806635579378888;16.948235269705318;0.0
1;12.479001048418443;9.252555842949628;0.0
2;9.808273231622529;16.97217933149794;0.0
1;12.47759249216171;9.27255059319917;0.0
2;9.81012576050846;16.996107727531246;0.0
1;12.47600499033612;9.291252036611326;0.0
2;9.81224163174779;17.020014276610915;0.0
1;12.472061429899297;9.314925826571557;0.0
2;9.823242383868791;17.040719067501414;0.0
1;12.467765675970114;9.338437348638651;0.0
2;9.833981219985079;17.06217256882216;0.0
1;12.463762979338805;9.361442640700307;0.0
2;9.844846817154142;17.082974975933645;0.0
1;12.459593843902033;9.383024219170638;0.0
2;9.856301692109389;17.104064922347984;0.0
1;12.455324255344147;9.403201630084377;0.0
2;9.866685143794916;17.125702480692084;0.0
1;12.45087120334455;9.422133503388947;0.0
2;9.877166181877746;17.147292937859692;0.0
1;12.446918172283523;9.441543299140283;0.0
2;9.887619443756998;17.168896856857963;0.0
1;12.442973523821767;9.459512038828796;0.0
2;9.898787435054059;17.19014011391494;0.0
1;12.439062204563124;9.476128515450936;0.0
2;9.910156903395295;17.211276224948847;0.0
1;12.433364490821887;9.493828800408942;0.0
2;9.921640516855037;17.23235053684526;0.0
1;12.427043337704342;9.514446811597628;0.0
2;9.934227993792124;17.252784709800345;0.0
1;12.41851439520029;9.535309040267425;0.0
2;9.946670716220824;17.273307347510013;0.0
1;12.409942476971592;9.555230581053703;0.0
2;9.957324049339993;17.29481331164678;0.0
1;12.401926224031875;9.577852245201296;0.0
2;9.967072769880339;17.31674416771366;0.0
1;12.393778363147776;9.599663097712565;0.0
2;9.977414478467798;17.338401708282525;0.0
1;12.38654218351852;9.620012674706537;0.0
2;9.988849741980081;17.359502294729463;0.0
1;12.379078699666534;9.640768247687953;0.0
2;10.000134347424506;17.380683835749032;0.0
1;12.371710681818529;9.662321650209506;0.0
2;10.011437996204382;17.401855220310775;0.0
1;12.364495019288503;9.682147212622356;0.0
2;10.022295097318764;17.423259036685245;0.0
1;12.354546865458845;9.703810687611622;0.0
2;10.031032278960124;17.44561214959969;0.0
1;12.344071945436985;9.724809672141776;0.0
2;10.040919343820647;17.46748098469541;0.0
1;12.33459236199463;9.746715137699894;0.0
2;10.050046846456976;17.4896775766776;0.0
1;12.32532714841903;9.766883667982412;0.0
2;10.06008799416907;17.51147609388919;0.0
1;12.316289630033033;9.785448000610439;0.0
2;10.070189600271236;17.533246660123368;0.0
1;12.307473123188917;9.80254860429723;0.0
2;10.080364451861255;17.554983090260837;0.0
1;12.2972513708349;9.821225327457869;0.0
2;10.090257278982804;17.576849319280566;0.0
1;12.28705477656554;9.841201115781049;0.0
2;10.09981659251824;17.598863394885306;0.0
1;12.276989721347363;9.859749190598617;0.0
2;10.109502337688719;17.620822136663755;0.0
1;12.267067509194462;9.88160210129703;0.0
2;10.119330950525367;17.642717304388785;0.0
1;12.257346443740365;9.901916993177597;0.0
2;10.129361239412457;17.664520820271356;0.0
1;12.247387444949034;9.92203015720358;0.0
2;10.13956055064339;17.686245784032305;0.0
1;12.236583818982949;9.943461015002205;0.0
2;10.149617856935807;17.70720098526637;0.0
1;12.22569468656306;9.964228463468729;0.0
2;10.160764814687557;17.727202963143206;0.0
1;12.21487211161083;9.985355469416355;0.0
2;10.173247761717075;17.7472243920619;0.0
1;12.202007003448962;10.005615997345888;0.0
2;10.184557506675034;17.76839252067512;0.0
1;12.1895938153582;10.02615651246658;0.0
2;10.196351156517087;17.789294908658388;0.0
1;12.1781832193299;10.046257872407297;0.0
2;10.207231496194261;17.810686921385322;0.0
1;12.167224356294193;10.064842756194258;0.0
2;10.218966696213432;17.831622180650736;0.0
1;12.157184799459523;10.083271711421803;0.0
2;10.230768999078178;17.85251968402049;0.0
1;12.146945135868663;10.101410415477606;0.0
2;10.24185331356288;17.87380672168204;0.0
1;12.137250956598887;10.118043749992111;0.0
2;10.252915014263026;17.89487650141239;0.0
1;12.128092823233814;10.13327557048779;0.0
2;10.264649754022345;17.91550370679385;0.0
1;12.119462700723142;10.148766298385079;0.0
2;10.277247461046665;17.934886913489414;0.0
1;12.111198397748336;10.162974182481536;0.0
2;10.289287965235507;17.95329859325031;0.0
1;12.103341106073831;10.176000794905148;0.0
2;10.300789890423863;17.97078296687312;0.0
1;12.093846805689383;10.191401887255871;0.0
2;10.311854304802974;17.989085716111493;0.0
1;12.084615398817345;10.20576758599573;0.0
2;10.322892590075613;18.007853220481177;0.0
1;12.075801808021588;10.218958478506009;0.0
2;10.333530784604017;18.02579242527408;0.0
1;12.067518152022771;10.230907940453351;0.0
2;10.345830050930049;18.043444253793677;0.0
1;12.059733533487242;10.241724226790383;0.0
2;10.357629650564986;18.06037743565489;0.0
1;12.052403634145374;10.251522942338273;0.0
2;10.36844123849381;18.078057947990114;0.0
1;12.045444438428897;10.262134842376787;0.0
2;10.379020954540307;18.095190233590575;0.0
1;12.038501307124216;10.27342080829288;0.0
2;10.389184275398195;18.111687164355722;0.0
1;12.028205088449576;10.283123583788443;0.0
2;10.39893877160837;18.12753680733252;0.0
1;12.017977004592453;10.292135361575642;0.0
2;10.40960920596284;18.143865996175357;0.0
1;12.008189326624711;10.300297389976164;0.0
2;10.419860575511601;18.15949568835324;0.0
1;11.998823757977414;10.307682060762149;0.0
2;10.429711818782748;18.174445159555603;0.0
1;11.98986469127895;10.31435642210491;0.0
2;10.439220451533515;18.188912775903702;0.0
1;11.981298290677907;10.320382680459542;0.0
2;10.44838000843863;18.2027746978644;0.0
1;11.969161186122296;10.325609082756207;0.0
2;10.457262917962565;18.217958824318014;0.0
1;11.957519089265634;10.330318407018503;0.0
2;10.465892236790028;18.232866788235736;0.0
1;11.946357961562573;10.334555840680988;0.0
2;10.475036032921823;18.2472277372428;0.0
1;11.933761064281997;10.340470710598009;0.0
2;10.483872214106116;18.261017135340918;0.0
1;11.921421540949305;10.347836728947165;0.0
2;10.492674361206253;18.276255381353373;0.0
1;11.904455035795033;10.357484848414233;0.0
2;10.502476668928674;18.289912327560174;0.0
1;11.887958542885054;10.366477229572421;0.0
2;10.511921669799282;18.303126621510447;0.0
1;11.869182093961273;10.375488286415449;0.0
2;10.519992473743525;18.31734200703112;0.0
1;11.847693185290996;10.386066884611163;0.0
2;10.528104923949932;18.331487891258572;0.0
1;11.826679705802682;10.397661438496252;0.0
2;10.53645553209002;18.346976040558385;0.0
1;11.804440048534408;10.406683502816;0.0
2;10.544425321837853;18.363700166778177;0.0
1;11.7820479343449;10.415320239591198;0.0
2;10.552199166664993;18.379660546126992;0.0
1;11.759491435511071;10.42351806615435;0.0
2;10.559790939445207;18.39490377671557;0.0
1;11.737333862102188;10.431123969030823;0.0
2;10.569719120918245;18.409752727640697;0.0
1;11.714986131194763;10.439874907454177;0.0
2;10.579333446150082;18.424027336118968;0.0
1;11.691931843485497;10.446545725861114;0.0
2;10.590557553467953;18.438715799633624;0.0
1;11.668783889854005;10.452883883533051;0.0
2;10.601602824317984;18.453005861997564;0.0
1;11.645969503732918;10.46033396983577;0.0
2;10.61267657668783;18.46886465632046;0.0
1;11.623075958913839;10.467537136196254;0.0
2;10.62331865539259;18.48412812702018;0.0
1;11.599663775697097;10.472816310092398;0.0
2;10.636502518556245;18.499893807095482;0.0
1;11.576177448694303;10.477755180805206;0.0
2;10.652315135966344;18.514562972195982;0.0
1;11.552496080439319;10.481652974741761;0.0
2;10.667231958022086;18.528806055908344;0.0
1;11.528877939012744;10.485917174028188;0.0
2;10.683028582119054;18.545382656897115;0.0
1;11.505384350237778;10.490821385124052;0.0
2;10.698836478098192;18.560427794143322;0.0
1;11.48229626219955;10.497374261648075;0.0
2;10.713605232081132;18.575001098767192;0.0
1;11.459607952851142;10.505199900210576;0.0
2;10.728407687980967;18.590628376196864;0.0
1;11.436459815137358;10.511537385546548;0.0
2;10.744070568009851;18.60692207018537;0.0
1;11.413210364987147;10.517492473095265;0.0
2;10.759835990351927;18.621832854395002;0.0
1;11.389936654938934;10.52335203114956;0.0
2;10.773361790796974;18.638129739385587;0.0
1;11.36659702151584;10.528943230634072;0.0
2;10.785288813531672;18.65754695743642;0.0
1;11.343165058240006;10.534133904678928;0.0
2;10.797869531157954;18.67798529259386;0.0
1;11.319659944695509;10.538982578441962;0.0
2;10.809561346862516;18.698944811804246;0.0
1;11.296273188193025;10.544373276012173;0.0
2;10.821006026033318;18.720040292805574;0.0
1;11.272796597308627;10.549358221392673;0.0
2;10.831661909598717;18.741544993348494;0.0
1;11.249467928339847;10.554994993886314;0.0
2;10.842919546897654;18.762740879799537;0.0
1;11.225796765277991;10.558954291715356;0.0
2;10.85413063865132;18.78368559181505;0.0
1;11.202067771288576;10.562550796164167;0.0
2;10.864256193543776;18.804722910140594;0.0
1;11.178268537771945;10.56564861540049;0.0
1;11.154428808556844;10.568417606363035;0.0
1;11.130619666132725;10.571438324328689;0.0
1;11.106677143611298;10.573098328940427;0.0
1;11.082709953830653;10.574352846384905;0.0
1;11.058724923943759;10.575200396575045;0.0
1;11.034760369035515;10.576504278490647;0.0
1;11.010775124758581;10.577345739705322;0.0
1;10.986781821143873;10.576778834375975;0.0
1;10.962792888483701;10.576050061554223;0.0
1;10.938824809713624;10.57481264486152;0.0
1;10.914841641469085;10.5739139563982;0.0
1;10.890846236649754;10.573444331487888;0.0
1;10.866864149553322;10.572517240068919;0.0
1;10.842920629340286;10.570871688548033;0.0
1;10.819013020436154;10.568767826269484;0.0
1;10.806542677754686;10.589273692586389;0.0
1;10.79417470396062;10.609841464080386;0.0
1;10.78218029324096;10.630629299741852;0.0
1;10.771908940636747;10.652320295931052;0.0
1;10.761736454071613;10.674057832982939;0.0
1;10.751235992083105;10.695638850058783;0.0
1;10.741998275228314;10.71778980009057;0.0
1;10.732840875746168;10.7399740745823;0.0
1;10.722590262473927;10.76101749718689;0.0
1;10.7120504826778;10.78257933945162;0.0
1;10.701489330708911;10.80413072152076;0.0
1;10.69147522678432;10.824742848946409;0.0
1;10.682628636139214;10.845265544801334;0.0
1;10.672944200733822;10.86583278936803;0.0
1;10.663254090148692;10.88560716830408;0.0
1;10.653965631646173;10.904652161247144;0.0
1;10.64481680280754;10.923542171244703;0.0
1;10.632623742151047;10.941961943167808;0.0
1;10.619720880562035;10.960726489300173;0.0
1;10.607415213208917;10.978681631684474;0.0
1;10.594733219994314;10.99725929501159;0.0
1;10.582504071813156;11.016729368714165;0.0
1;10.57079400956763;11.035341780608071;0.0
1;10.559559364183178;11.05316078302767;0.0
1;10.547156156936218;11.069912180155168;0.0
1;10.535945687345393;11.088247550037671;0.0
1;10.525058013509403;11.105833137803334;0.0
1;10.514593211862696;11.122612151346223;0.0
1;10.50452956234864;11.138971492334694;0.0
1;10.502819968053455;11.157740213302173;0.0
1;10.501120540726314;11.175592040550669;0.0
1;10.499423891547611;11.19259720247237;0.0
1;10.49774034081181;11.208966720796845;0.0
1;10.496028289410981;11.224677307110698;0.0
1;10.494281265281026;11.239769732665122;0.0
1;10.4925056639639;11.25427343737326;0.0
1;10.490773315323288;11.268401858438361;0.0
1;10.488991660007741;11.282020582098875;0.0
1;10.487222775140753;11.2950331805516;0.0
1;10.486663809400422;11.31014131079696;0.0
1;10.486047403838452;11.32457227089046;0.0
1;10.486724283100669;11.341598907764388;0.0
1;10.488016320157248;11.360761652258528;0.0
1;10.489105992966797;11.379091280277992;0.0
1;10.491625587093697;11.396812170682797;0.0
1;10.495278626530757;11.413675879532558;0.0
1;10.49855864609859;11.42975101599232;0.0
1;10.50211100687957;11.448717953824683;0.0
1;10.507048722730849;11.470137181518034;0.0
1;10.512431871743154;11.49349911386804;0.0
1;10.517535362179352;11.516950220139764;0.0
1;10.522263895685935;11.540180390534386;0.0
1;10.524444744822285;11.564081099667057;0.0
1;10.527031142426424;11.587941329075704;0.0
1;10.53123036561261;11.611571109536651;0.0
1;10.535154306642132;11.635248159327467;0.0
1;10.539870882048596;11.658780135794292;0.0
1;10.543869842991903;11.682444630535864;0.0
1;10.546294818146269;11.70632180573522;0.0
1;10.546676995278862;11.730318762638946;0.0
1;10.546876485018169;11.75431793353804;0.0
1;10.546896326698969;11.778317925336117;0.0
1;10.54630604921624;11.802310665331653;0.0
1;10.54544823193174;11.826295330213748;0.0
1;10.544424570777814;11.850273489397512;0.0
1;10.54217228062107;11.874167572117923;0.0
1;10.539871203933851;11.898057005892701;0.0
1;10.537489720042199;11.921938558071608;0.0
1;10.535022783774384;11.945811434426385;0.0
1;10.532957590416146;11.969722414673818;0.0
1;10.530161678399729;11.993559001593855;0.0
1;10.527259719310221;12.017382910455392;0.0
1;10.524172144769077;12.041183475227113;0.0
1;10.520585793710847;12.064914005901482;0.0
1;10.517860108298603;12.088758725212756;0.0
1;10.515830360612703;12.112672740440892;0.0
1;10.513624748349258;12.13657117709569;0.0
1;10.511230886178284;12.16045149166452;0.0
1;10.50831938285635;12.18427423601538;0.0
1;10.5051735657987;12.208067172678176;0.0
1;10.502950164280039;12.231963960865855;0.0
1;10.500406169198904;12.25582874850428;0.0
1;10.49847656598826;12.279751052562407;0.0
1;10.496536538030949;12.303556683252495;0.0
1;10.494458068142462;12.326118754255816;0.0
1;10.490621023273112;12.349357631815295;0.0
1;10.486118982967994;12.372581264344802;0.0
1;10.481662825903381;12.394679957503701;0.0
1;10.476158470376811;12.415454625539855;0.0
1;10.470516324568832;12.437815947803777;0.0
1;10.464644336443635;12.461086524836965;0.0
1;10.458920238158031;12.484319603510176;0.0
1;10.454205514344325;12.507851951020793;0.0
1;10.449684345813433;12.531422250872838;0.0
1;10.446721118641594;12.55523861677379;0.0
1;10.443742285615215;12.57858043774968;0.0
1;10.439903606616394;12.602271460174727;0.0
1;10.434969345423738;12.625758756027649;0.0
1;10.430922980748004;12.64941519136586;0.0
1;10.426801813624921;12.673058710172155;0.0
1;10.422055630201182;12.696584732847231;0.0
1;10.416484414891144;12.719929144597566;0.0
1;10.4109036228253;12.743048387743288;0.0
1;10.40554768750888;12.765576506056142;0.0
1;10.398933565887885;12.78822650737264;0.0
1;10.393647975624857;12.811240535240831;0.0
1;10.388183662887817;12.833727894273167;0.0
1;10.382865013199183;12.855358498593013;0.0
1;10.377703240168833;12.876087664863636;0.0
1;10.37270477188346;12.89590689701292;0.0
1;10.367122869432583;12.916527452515645;0.0
1;10.361611022664784;12.936375172911145;0.0
1;10.35630006716116;12.955331910212335;0.0
1;10.34832449765668;12.975321421502004;0.0
1;10.340689198487546;12.99452614609496;0.0
1;10.333385923568036;13.012918390118717;0.0
1;10.326398397537748;13.0305387787987;0.0
1;10.31984055563922;13.049502081786285;0.0
1;10.313554591546483;13.067671532959439;0.0
1;10.31136630494076;13.088725506761554;0.0
1;10.309218323671775;13.108834268022655;0.0
1;10.307759573703121;13.130038934225754;0.0
1;10.306402754945237;13.153186875331675;0.0
1;10.305038944681286;13.175260054274236;0.0
1;10.305159054636478;13.196998133599212;0.0
1;10.30528262485887;13.21941346298731;0.0
1;10.305092667601427;13.241170362568683;0.0
1;10.305271814436809;13.262448966244403;0.0
1;10.3058254924548;13.284684582191888;0.0
1;10.304636254592587;13.306753050273104;0.0
1;10.303394001219381;13.327912277953637;0.0
1;10.302106617930132;13.348192598194512;0.0
1;10.300780540741595;13.367637931045662;0.0
1;10.299563037251989;13.386595815760876;0.0
1;10.298306948223498;13.404771354924074;0.0
1;10.297019539918006;13.422210397307502;0.0
1;10.296929652616212;13.440854503092709;0.0
1;10.296481171118227;13.46083061127303;0.0
1;10.295396564637954;13.482955633772429;0.0
1;10.293931118543886;13.506910851737318;0.0
1;10.289281395389215;13.530456128855775;0.0
1;10.2849790649839;13.554067354005765;0.0
1;10.281941325522927;13.577874330692595;0.0
1;10.278641851912777;13.601646446162109;0.0
1;10.273914880073942;13.625176336455837;0.0
1;10.269232698926912;13.648715180516376;0.0
1;10.264392583587997;13.67213995475154;0.0
1;10.25984016812846;13.694574995413308;0.0
1;10.255351877275642;13.716325856674974;0.0
1;10.25127542688095;13.737416276259404;0.0
1;10.24746677166322;13.757550655360857;0.0
1;10.243908444579956;13.776780095832198;0.0
1;10.242076297929197;13.796498959510595;0.0
1;10.24038699313829;13.815292228706735;0.0
1;10.23662021308239;13.836168270291079;0.0
1;10.232186351114326;13.859755149441321;0.0
1;10.22678322122582;13.883139036787268;0.0
1;10.221616651768008;13.905798412184671;0.0
1;10.216569073811756;13.927653184477686;0.0
1;10.21176566882385;13.948595282882673;0.0
1;10.207651128112856;13.970343161308419;0.0
1;10.203471540944763;13.991431699934296;0.0
1;10.199536385567324;14.011582000505411;0.0
1;10.195985406257282;14.034368330076589;0.0
1;10.192645578978713;14.056333679494653;0.0
1;10.189860603441806;14.078118811289903;0.0
1;10.18720596940482;14.099173832097017;0.0
1;10.184660674435142;14.119433271922235;0.0
1;10.182321047634865;14.139157043212332;0.0
1;10.180051484680861;14.15805144609148;0.0
1;10.177847030850568;14.176140007399368;0.0
1;10.178038638773442;14.196848607251978;0.0
1;10.17660938870069;14.218036103319129;0.0
1;10.176809460474656;14.239255287366326;0.0
1;10.17692655892967;14.259546204361959;0.0
1;10.176975213768989;14.278936146435093;0.0
1;10.176924229421635;14.29766702296384;0.0
1;10.175998979626296;14.316400314453261;0.0
1;10.1741876572814;14.3347189533897;0.0
1;10.173285437519057;14.352822630966731;0.0
1;10.172585308787355;14.370342302388519;0.0
1;10.169879010574729;14.387362687239884;0.0
1;10.16599715457947;14.406411245826133;0.0
1;10.16122906245784;14.426446360705645;0.0
1;10.156675303434858;14.445952362668589;0.0
1;10.152511714549242;14.467056845463743;0.0
1;10.150404692843058;14.489377027133369;0.0
1;10.151015630537184;14.51336924993856;0.0
1;10.15030065040776;14.53735859764571;0.0
1;10.149693995112125;14.561350929115417;0.0
1;10.147798428324048;14.585275954226207;0.0
1;10.146324096397437;14.60923062695138;0.0
1;10.144934392678113;14.633190358243121;0.0
1;10.141716930983355;14.656973712511238;0.0
1;10.138567503661625;14.680766171559121;0.0
1;10.136017405014627;14.704630307765793;0.0
1;10.132768095018035;14.728409331811074;0.0
1;10.129191494753295;14.752141334055855;0.0
1;10.127217033134835;14.776059977439568;0.0
1;10.125864360559275;14.800021827887797;0.0
1;10.124470708492519;14.823981329842487;0.0
1;10.122911742735377;14.84793064352301;0.0
1;10.121273180623657;14.871874643067908;0.0
1;10.12060927436111;14.895865458570398;0.0
1;10.118634133906463;14.91978404590712;0.0
1;10.116336238000395;14.943673785847205;0.0
1;10.11546823121716;14.967658084132212;0.0
1;10.114548977647607;14.991640472938894;0.0
1;10.113592907541335;15.015257590071077;0.0
1;10.115503101150086;15.039181451807366;0.0
1;10.115852921136012;15.063178902213137;0.0
1;10.118353992415251;15.08704822651141;0.0
1;10.119329309499985;15.111028400751483;0.0
1;10.12004434723207;15.13501774674177;0.0
1;10.11982879334771;15.159016778733143;0.0
1;10.119616023417233;15.183015835567875;0.0
1;10.119411308487722;15.207014962464445;0.0
1;10.120744037388738;15.23063833163612;0.0
1;10.122316588044823;15.253895420383223;0.0
1;10.123773373922674;15.275892179625572;0.0
1;10.125144821826527;15.298457557764529;0.0
1;10.126408717448577;15.31981819970615;0.0
1;10.127530900678783;15.342179468545766;0.0
1;10.128504699196696;15.363489378120988;0.0
1;10.130896926142691;15.384029437316453;0.0
1;10.133116139188484;15.403507337259718;0.0
1;10.135441537410035;15.423786275846867;0.0
1;10.137627699242536;15.443205492147875;0.0
1;10.141842395614756;15.463422117238478;0.0
1;10.145860105791266;15.483057421056913;0.0
1;10.151659645660716;15.503694435284991;0.0
1;10.156940982777618;15.526473652127894;0.0
1;10.16271067650335;15.549769802760805;0.0
1;10.168347769367687;15.573098394317922;0.0
1;10.174862157476605;15.59619737151533;0.0
1;10.18217355842193;15.619056580080299;0.0
1;10.18905549638857;15.642048729388776;0.0
1;10.195750029577432;15.66509614194167;0.0
1;10.202225148147596;15.68820615794128;0.0
1;10.206324522826828;15.711853464917748;0.0
1;10.21025098214789;15.735530097220508;0.0
1;10.213418553368054;15.759320147505557;0.0
1;10.217505864346554;15.782969542613362;0.0
1;10.220716547363576;15.806753812931456;0.0
1;10.22285806249763;15.830658078511695;0.0
1;10.224874998194261;15.85457317772528;0.0
1;10.226145398526283;15.878539530868727;0.0
1;10.228284627903856;15.902444001113226;0.0
1;10.230227443089456;15.926365235804491;0.0
1;10.231962603219015;15.950302429026019;0.0
1;10.233478724815908;15.974254493139648;0.0
1;10.234907600544656;15.99821192025843;0.0
1;10.235833595238896;16.02219404972656;0.0
1;10.236570311081335;16.04618273976515;0.0
1;10.236000624758844;16.070175977510274;0.0
1;10.234290917092752;16.094115002129012;0.0
1;10.232430777801872;16.11804280774964;0.0
1;10.229003864026007;16.141644590084034;0.0
1;10.22544844255379;16.164614226126766;0.0
1;10.22199027448859;16.186355514063475;0.0
1;10.21752879437632;16.208460302337844;0.0
1;10.213259066408641;16.2293818122202;0.0
1;10.209049988928966;16.249389138536618;0.0
1;10.203061100899951;16.269390464919233;0.0
1;10.198368011840612;16.290283634055463;0.0
1;10.193130395726634;16.310703886890956;0.0
1;10.187314289676541;16.332999662914236;0.0
1;10.181729259114778;16.354387984913078;0.0
1;10.175215431554664;16.37748712018947;0.0
1;10.168802643280165;16.400079923001112;0.0
1;10.162236577351342;16.422079800987383;0.0
1;10.15499800245864;16.44351786634909;0.0
1;10.147583429625557;16.46634381889664;0.0
1;10.13993013631546;16.489090842910993;0.0
1;10.132675073954664;16.511967994616153;0.0
1;10.125453799528502;16.534855834087413;0.0
1;10.118900949488872;16.55794392964244;0.0
1;10.110843620013572;16.580550995832606;0.0
1;10.103078162877017;16.602871757965776;0.0
1;10.09448949306631;16.624412264259625;0.0
1;10.086445781480503;16.645049638435175;0.0
1;10.078905238484264;16.666411740623428;0.0
1;10.070591915187636;16.687285941145234;0.0
1;10.061945571432695;16.706860041564894;0.0
1;10.05389454525177;16.7256749975795;0.0
1;10.046484398067834;16.746256376230722;0.0
1;10.03825125752526;16.76858915820682;0.0
1;10.03019825858985;16.791197767366747;0.0
1;10.021503993883458;16.813567607804604;0.0
1;10.01408988819642;16.8363937120903;0.0
1;10.008281953955688;16.8596803584752;0.0
1;10.002730985056761;16.883029592815603;0.0
1;9.99676707240005;16.90627678072776;0.0
1;9.991081475978472;16.929593598549474;0.0
1;9.98804149615353;16.953400289261623;0.0
1;9.98498597394077;16.977204990142067;0.0
1;9.982156328855947;17.001037596140865;0.0
1;9.990254999592034;17.023629885363263;0.0
1;9.998133026130574;17.046300057348894;0.0
1;10.006123216481761;17.068930940189645;0.0
1;10.016908828977812;17.09037086936595;0.0
1;10.028142507860998;17.111579463349276;0.0
1;10.038966823741516;17.132999878511423;0.0
1;10.048743641440545;17.154918223240895;0.0
1;10.058146572776465;17.176999547528446;0.0
1;10.068142677805364;17.19881875659411;0.0
1;10.078161489274851;17.220627548783018;0.0
1;10.087472701506615;17.242747705355136;0.0
1;10.096824298342286;17.264850819086533;0.0
1;10.107251050909868;17.286467544807476;0.0
1;10.116794940156208;17.308488311779897;0.0
1;10.125340627627816;17.330915331770026;0.0
1;10.134606698054405;17.353054436061967;0.0
1;10.14477168847879;17.374795479497646;0.0
1;10.15391425427293;17.396985871353127;0.0
1;10.163532228664574;17.418974381275397;0.0
1;10.171951663145675;17.44144910314283;0.0
1;10.181242296460292;17.463577910896827;0.0
1;10.190579485756794;17.48568711477307;0.0
1;10.199829990997388;17.50783272726841;0.0
1;10.207088259236567;17.530708862041752;0.0
1;10.214440385416204;17.553555004837392;0.0
1;10.223846275896195;17.57563506879288;0.0
1;10.23301756891741;17.59781360310692;0.0
1;10.242228892775563;17.619975541487403;0.0
1;10.251535000395618;17.642097846090763;0.0
1;10.261117780273757;17.66410171688222;0.0
1;10.270758589783423;17.68591515213204;0.0
1;10.280148473158686;17.70670048685379;0.0
1;10.290883116278696;17.728165980956792;0.0
1;10.302711411261708;17.748819450188318;0.0
1;10.314958693814543;17.769459316226424;0.0
1;10.326326403230754;17.79059637332122;0.0
1;10.337310903731053;17.81193508810817;0.0
1;10.348367413598783;17.83323658076819;0.0
1;10.359149417986137;17.853891943461203;0.0
1;10.369467922367772;17.873579534607774;0.0
1;10.37932401618717;17.89232923157546;0.0
1;10.388728456225115;17.91018003878333;0.0
1;10.396798516679821;17.92800729727874;0.0
1;10.405865684032054;17.945629647087234;0.0
1;10.413779621201998;17.96339435496332;0.0
1;10.421927565835466;17.983420175238468;0.0
1;10.43003715517569;18.00351685524902;0.0
1;10.437870825777797;18.022768192124968;0.0
1;10.445321055956775;18.041901975480894;0.0
1;10.4543027512401;18.061077484614174;0.0
1;10.463069472774421;18.079557985096507;0.0
1;10.470748727634733;18.09851137670432;0.0
1;10.478179815142619;18.116541184182196;0.0
1;10.485362017511157;18.13366482979525;0.0
1;10.492299223465276;18.14991034671646;0.0
1;10.498998010770377;18.165312422182883;0.0
1;10.505508134201445;18.180047912020463;0.0
1;10.51212759561437;18.194806768493944;0.0
1;10.518330881094515;18.211569717960074;0.0
1;10.524433390350023;18.227727768130958;0.0
1;10.530416409622012;18.24307284398568;0.0
1;10.536962431794088;18.25981409856792;0.0
1;10.543362099951876;18.27572741804127;0.0
1;10.549638824136803;18.29093038824617;0.0
1;10.555772178582092;18.305376091351267;0.0
1;10.561763536726538;18.319100608811333;0.0
1;10.567101621072304;18.335756302453905;0.0
1;10.574488323610355;18.35207415049579;0.0
1;10.581998214664626;18.369703639081738;0.0
1;10.58936738662134;18.386523585518553;0.0
1;10.59662899397465;18.402658412224586;0.0
1;10.605946597116262;18.419159593230177;0.0
1;10.615016522069785;18.434990327206002;0.0
1;10.623845506142931;18.45019388645206;0.0
1;10.63627865141422;18.465561807925077;0.0
1;10.650941657565044;18.48226931773587;0.0
1;10.665920492420547;18.497460464839417;0.0
1;10.680592235240763;18.512344391849634;0.0
1;10.695966404621489;18.527529635690634;0.0
1;10.710014340088952;18.544086127828304;0.0
1;10.724312710580566;18.559192727247687;0.0
1;10.73949290612673;18.575428598561015;0.0
1;10.75398384601429;18.591487780918882;0.0
1;10.767996684889255;18.607566431628534;0.0
1;10.78118909245298;18.62331064588533;0.0
1;10.794205851926186;18.64092142737457;0.0
1;10.806263460146633;18.661621897914436;0.0
1;10.816912184466615;18.683130144480742;0.0
1;10.82749727840469;18.704669777400596;0.0
1;10.83720365616225;18.726619406801284;0.0
1;10.846986597738182;18.748535018910506;0.0
1;10.856883937551284;18.770399205715048;0.0
1;10.866706168274622;18.791657193570725;0.0
